{"cameraMode":{"drawMode":0,"name":"Shaded","section":"Shading Mode"},"sceneLighting":false,"audioPlay":false,"sceneViewState":{"m_AlwaysRefresh":false,"showFog":true,"showSkybox":false,"showFlares":true,"showImageEffects":true,"showParticleSystems":true,"showVisualEffectGraphs":true,"m_FxEnabled":true},"in2DMode":false,"pivot":{"x":-0.7657008767127991,"y":2.896965265274048,"z":-2.400540590286255},"rotation":{"x":0.005183950532227755,"y":0.9905003905296326,"z":-0.038956232368946078,"w":0.13181422650814057},"size":2.8242075443267824,"orthographic":false}