{"cameraMode":{"drawMode":0,"name":"Shaded","section":"Shading Mode"},"sceneLighting":false,"audioPlay":false,"sceneViewState":{"m_AlwaysRefresh":false,"showFog":true,"showSkybox":false,"showFlares":true,"showImageEffects":true,"showParticleSystems":true,"showVisualEffectGraphs":true,"m_FxEnabled":true},"in2DMode":false,"pivot":{"x":-14.750809669494629,"y":0.4749463200569153,"z":-4.615371227264404},"rotation":{"x":0.007770095951855183,"y":0.9898546934127808,"z":-0.12871599197387696,"w":0.05976203456521034},"size":1.5901163816452027,"orthographic":false}