{"cameraMode":{"drawMode":0,"name":"Shaded","section":"Shading Mode"},"sceneLighting":false,"audioPlay":false,"sceneViewState":{"m_AlwaysRefresh":false,"showFog":true,"showSkybox":false,"showFlares":true,"showImageEffects":true,"showParticleSystems":true,"showVisualEffectGraphs":true,"m_FxEnabled":true},"in2DMode":false,"pivot":{"x":-7.130000114440918,"y":3.4627280235290529,"z":2.4809999465942385},"rotation":{"x":0.007770095951855183,"y":0.9898546934127808,"z":-0.12871599197387696,"w":0.05976203456521034},"size":2.4322850704193117,"orthographic":false}