{"cameraMode":{"drawMode":0,"name":"Shaded","section":"Shading Mode"},"sceneLighting":false,"audioPlay":false,"sceneViewState":{"m_AlwaysRefresh":false,"showFog":true,"showSkybox":false,"showFlares":true,"showImageEffects":true,"showParticleSystems":true,"showVisualEffectGraphs":true,"m_FxEnabled":true},"in2DMode":false,"pivot":{"x":-0.8335726261138916,"y":1.8795946836471558,"z":-2.9708104133605959},"rotation":{"x":0.02265576831996441,"y":0.11520913988351822,"z":-0.0026282286271452905,"w":0.9930840730667114},"size":1.291269063949585,"orthographic":false}