{"cameraMode":{"drawMode":0,"name":"Shaded","section":"Shading Mode"},"sceneLighting":false,"audioPlay":false,"sceneViewState":{"m_AlwaysRefresh":false,"showFog":true,"showSkybox":false,"showFlares":true,"showImageEffects":true,"showParticleSystems":true,"showVisualEffectGraphs":true,"m_FxEnabled":true},"in2DMode":false,"pivot":{"x":-7.051999092102051,"y":0.843999981880188,"z":-1.458999752998352},"rotation":{"x":0.02265576831996441,"y":0.11520913988351822,"z":-0.0026282286271452905,"w":0.9930840730667114},"size":1.8620314598083497,"orthographic":false}