{"cameraMode":{"drawMode":0,"name":"Shaded","section":"Shading Mode"},"sceneLighting":false,"audioPlay":false,"sceneViewState":{"m_AlwaysRefresh":false,"showFog":true,"showSkybox":false,"showFlares":true,"showImageEffects":true,"showParticleSystems":true,"showVisualEffectGraphs":true,"m_FxEnabled":true},"in2DMode":false,"pivot":{"x":-0.3775362968444824,"y":2.51699161529541,"z":-2.4781665802001955},"rotation":{"x":0.007770095951855183,"y":0.9898546934127808,"z":-0.12871599197387696,"w":0.05976203456521034},"size":1.028566598892212,"orthographic":false}