{"cameraMode":{"drawMode":0,"name":"Shaded","section":"Shading Mode"},"sceneLighting":false,"audioPlay":false,"sceneViewState":{"m_AlwaysRefresh":false,"showFog":true,"showSkybox":false,"showFlares":true,"showImageEffects":true,"showParticleSystems":true,"showVisualEffectGraphs":true,"m_FxEnabled":true},"in2DMode":false,"pivot":{"x":1.7200002670288087,"y":2.8700003623962404,"z":0.03400015830993652},"rotation":{"x":0.02265576831996441,"y":0.11520913988351822,"z":-0.0026282286271452905,"w":0.9930840730667114},"size":11.188881874084473,"orthographic":false}